{
  "courses": [
    {
      "id": 1,
      "title": "React",
      "author": "Edureka",
      "desc": "Lorem ipsum description"
    },
    {
      "id": 2,
      "title": "React Native",
      "author": "Edureka",
      "desc": "Lorem ipsum description"
    },
    {
      "id": 3,
      "title": "Angular",
      "author": "Edureka",
      "desc": "Lorem ipsum description"
    },
    {
      "id": 4,
      "title": "Angular 9",
      "author": "Edureka",
      "desc": "Lorem ipsum description"
    }
  ],
  "enquiry": [
    {
      "name": "new",
      "email": "new",
      "comment": "new",
      "id": 1
    },
    {
      "name": "hello",
      "email": "hello",
      "comment": "hello",
      "id": 2
    },
    {
      "name": "yay",
      "email": "yay",
      "comment": "yay",
      "id": 3
    },
    {
      "name": "yt",
      "email": "yt",
      "comment": "yt",
      "id": 4
    },
    {
      "name": "fd",
      "email": "fd",
      "comment": "fd",
      "id": 5
    },
    {
      "name": "qw",
      "email": "qw",
      "comment": "qw",
      "id": 6
    }
  ]
}